ACHIEVEMENT_TRAVELERS_JOURNEY	ACHIEVEMENT_TYPE_EXPLORATION	ACHIEVEMENT_SUBTYPE_GENERAL	ACHIEVEMENT_CATEGORY_OFFLINE_AND_ONLINE	Traveler's Journey	achievement_icons/0	Travel {x} steps across the adventure map with one of your Conquerors.		First Steps	1000	Nomad	5000	Seasoned Traveler	20000	Trailblazer	50000	Tireless Voyager	150000	Endless Odyssey	500000	Wayfarer	1000000
ACHIEVEMENT_THE_LONG_AND_WINDING_ROAD	ACHIEVEMENT_TYPE_EXPLORATION	ACHIEVEMENT_SUBTYPE_GENERAL	ACHIEVEMENT_CATEGORY_OFFLINE_AND_ONLINE	The Long and Winding Road	achievement_icons/24	Travel {x} steps across roads with one of your Conquerors.			1000		5000		20000		50000		150000		500000		1000000
ACHIEVEMENT_HIGHWAY_TO_HELL	ACHIEVEMENT_TYPE_EXPLORATION	ACHIEVEMENT_SUBTYPE_TERRAIN_TRAVERSAL	ACHIEVEMENT_CATEGORY_OFFLINE_AND_ONLINE	Highway to Hell	achievement_icons/3	Travel {x} steps across Lava terrain with one of your Conquerors.			500		2500		10000		25000		75000		250000		500000
ACHIEVEMENT_WELCOME_TO_THE_JUNGLE	ACHIEVEMENT_TYPE_EXPLORATION	ACHIEVEMENT_SUBTYPE_TERRAIN_TRAVERSAL	ACHIEVEMENT_CATEGORY_OFFLINE_AND_ONLINE	Welcome to the Jungle	achievement_icons/1	Travel {x} steps across Jungle terrain with one of your Conquerors.			500		2500		10000		25000		75000		250000		500000
ACHIEVEMENT_SAIL_AWAY	ACHIEVEMENT_TYPE_EXPLORATION	ACHIEVEMENT_SUBTYPE_TERRAIN_TRAVERSAL	ACHIEVEMENT_CATEGORY_OFFLINE_AND_ONLINE	Sail Away	achievement_icons/7	Travel {x} steps on a boat with one of your Conquerors.			500		2500		10000		25000		75000		250000		500000
ACHIEVEMENT_DESERT_ROSE	ACHIEVEMENT_TYPE_EXPLORATION	ACHIEVEMENT_SUBTYPE_TERRAIN_TRAVERSAL	ACHIEVEMENT_CATEGORY_OFFLINE_AND_ONLINE	Desert Rose	achievement_icons/5	Travel {x} steps across Desert terrain with one of your Conquerors.			500		2500		10000		25000		75000		250000		500000
ACHIEVEMENT_ISLAND_IN_THE_SUN	ACHIEVEMENT_TYPE_EXPLORATION	ACHIEVEMENT_SUBTYPE_TERRAIN_TRAVERSAL	ACHIEVEMENT_CATEGORY_OFFLINE_AND_ONLINE	Island in the Sun	achievement_icons/2	Travel {x} steps across Beach terrain with one of your Conquerors.		The Warmth of the Sun	500	Wipe Out	2500	I Get Around	10000	Sail On, Sailor	25000	Catch a Wave	75000	Kokomo	250000	Fun, Fun, Fun	500000
ACHIEVEMENT_TAKE_ME_HOME	ACHIEVEMENT_TYPE_EXPLORATION	ACHIEVEMENT_SUBTYPE_TERRAIN_TRAVERSAL	ACHIEVEMENT_CATEGORY_OFFLINE_AND_ONLINE	Take Me Home	achievement_icons/6	Travel {x} steps across Grass terrain with one of your Conquerors.			500		2500		10000		25000		75000		250000		500000
ACHIEVEMENT_COLD_AS_ICE	ACHIEVEMENT_TYPE_EXPLORATION	ACHIEVEMENT_SUBTYPE_TERRAIN_TRAVERSAL	ACHIEVEMENT_CATEGORY_OFFLINE_AND_ONLINE	Cold As Ice	achievement_icons/9	Travel {x} steps across Snow terrain with one of your Conquerors.		Winter Wonderland	500		2500	Snowclash	10000		25000		75000		250000		500000
ACHIEVEMENT_CRACKS_IN_THE_PAVEMENT	ACHIEVEMENT_TYPE_EXPLORATION	ACHIEVEMENT_SUBTYPE_TERRAIN_TRAVERSAL	ACHIEVEMENT_CATEGORY_OFFLINE_AND_ONLINE	Cracks In The Pavement	achievement_icons/4	Travel {x} steps across Wasteland terrain with one of your Conquerors.			500		2500		10000		25000		75000		250000		500000
ACHIEVEMENT_DIRT_ROAD_ANTHEM	ACHIEVEMENT_TYPE_EXPLORATION	ACHIEVEMENT_SUBTYPE_TERRAIN_TRAVERSAL	ACHIEVEMENT_CATEGORY_OFFLINE_AND_ONLINE	Dirt Road Anthem		Travel {x} steps across Dirt terrain with one of your Conquerors.			500		2500		10000		25000		75000		250000		500000
ACHIEVEMENT_REVEALING_THE_UNKNOWN	ACHIEVEMENT_TYPE_EXPLORATION	ACHIEVEMENT_SUBTYPE_FOG_OF_WAR	ACHIEVEMENT_CATEGORY_OFFLINE_AND_ONLINE	Revealing the Unknown	achievement_icons/25	Reveal {x} unexplored terrain tiles on the adventure map.		First Light	1000	Surveyor	5000	Explorer’s Gaze	20000	Seeing is Believing	50000	Through the Looking Glass	150000	Master of the Unknown	500000	The Known World	1000000
ACHIEVEMENT_THE_NIGHTS_WATCH	ACHIEVEMENT_TYPE_EXPLORATION	ACHIEVEMENT_SUBTYPE_FOG_OF_WAR	ACHIEVEMENT_CATEGORY_OFFLINE_AND_ONLINE	The Night's Watch	achievement_icons/95	Reveal {x} unexplored terrain tiles by visiting a watchtower.															
ACHIEVEMENT_ALL_SEEING_EYE	ACHIEVEMENT_TYPE_EXPLORATION	ACHIEVEMENT_SUBTYPE_FOG_OF_WAR	ACHIEVEMENT_CATEGORY_OFFLINE_AND_ONLINE	All Seeing Eye	achievement_icons/28	Reveal {x} unexplored terrain tiles via eyes of the magi.															
ACHIEVEMENT_EYE_SEE_YOU	ACHIEVEMENT_TYPE_EXPLORATION	ACHIEVEMENT_SUBTYPE_FOG_OF_WAR	ACHIEVEMENT_CATEGORY_OFFLINE_AND_ONLINE	Eye See You	achievement_icons/27	Fully reveal a small map.															
ACHIEVEMENT_WATCHMEN	ACHIEVEMENT_TYPE_EXPLORATION	ACHIEVEMENT_SUBTYPE_GENERAL	ACHIEVEMENT_CATEGORY_OFFLINE_AND_ONLINE	Watchmen	achievement_icons/87	Visit {x} watchtowers on the adventure map.															
ACHIEVEMENT_KEY_TO_VICTORY	ACHIEVEMENT_TYPE_EXPLORATION	ACHIEVEMENT_SUBTYPE_GENERAL	ACHIEVEMENT_CATEGORY_OFFLINE_AND_ONLINE	Key to Victory	achievement_icons/50	Visit {x} keymaster's tents on the adventure map.															
ACHIEVEMENT_ONE_MAN_ARMY	ACHIEVEMENT_TYPE_FEATS		ACHIEVEMENT_CATEGORY_OFFLINE_AND_ONLINE	One Man Army	achievement_icons/104	Successfully defend a town with only 1 unit.															
ACHIEVEMENT_LAST_HOPE	ACHIEVEMENT_TYPE_FEATS		ACHIEVEMENT_CATEGORY_OFFLINE_AND_ONLINE	Last Hope	achievement_icons/94	Complete a scenario where the loss condition is "Lose a specific town".															
ACHIEVEMENT_GOING_CAMPING	ACHIEVEMENT_TYPE_ACQUISITION	ACHIEVEMENT_SUBTYPE_GENERAL	ACHIEVEMENT_CATEGORY_OFFLINE_AND_ONLINE	Going Camping	achievement_icons/81	Visit {x} campfires on the adventure map.															
ACHIEVEMENT_MONEY_ON_MY_MIND	ACHIEVEMENT_TYPE_ACQUISITION	ACHIEVEMENT_SUBTYPE_GOLD	ACHIEVEMENT_CATEGORY_OFFLINE_AND_ONLINE	Money On My Mind	achievement_icons/34	Collect {x} gold from the adventure map.		Pocket Change	10000	Growing Fortune	50000	Wealthy Wanderer	200000		1000000		5000000	Goldfinger	15000000	Master of Coin	50000000
ACHIEVEMENT_SHINE_BRIGHT_LIKE_A_DIAMOND	ACHIEVEMENT_TYPE_ACQUISITION	ACHIEVEMENT_SUBTYPE_RESOURCES	ACHIEVEMENT_CATEGORY_OFFLINE_AND_ONLINE	Shine Bright Like A Diamond	achievement_icons/32	Collect {x} gems from the adventure map.			100		500		2000			Gemlord		Royal Jeweler			
ACHIEVEMENT_ITS_LIKE_WORKING_WITH_MERCURY	ACHIEVEMENT_TYPE_ACQUISITION	ACHIEVEMENT_SUBTYPE_RESOURCES	ACHIEVEMENT_CATEGORY_OFFLINE_AND_ONLINE	It's Like Working With Mercury	achievement_icons/37	Collect {x} mercury from the adventure map.			100												
ACHIEVEMENT_CRYSTAL_CLEAR	ACHIEVEMENT_TYPE_ACQUISITION	ACHIEVEMENT_SUBTYPE_RESOURCES	ACHIEVEMENT_CATEGORY_OFFLINE_AND_ONLINE	Crystal Clear	achievement_icons/35	Collect {x} crystals from the adventure map.			100												
ACHIEVEMENT_TIMBER	ACHIEVEMENT_TYPE_ACQUISITION	ACHIEVEMENT_SUBTYPE_RESOURCES	ACHIEVEMENT_CATEGORY_OFFLINE_AND_ONLINE	Timber!	achievement_icons/36	Collect {x} wood from the adventure map.		Kindling	250		1000		5000	Lumberjack						King of the Forest	
ACHIEVEMENT_OREIGINAL_RECIPE	ACHIEVEMENT_TYPE_ACQUISITION	ACHIEVEMENT_SUBTYPE_RESOURCES	ACHIEVEMENT_CATEGORY_OFFLINE_AND_ONLINE	Ore-iginal Recipe	achievement_icons/33	Collect {x} ore from the adventure map.		Pebble Picker	250	mORE	1000	Stoned	5000	Prospector		Deep Delver					
ACHIEVEMENT_TREASURE_HUNTER	ACHIEVEMENT_TYPE_ACQUISITION	ACHIEVEMENT_SUBTYPE_RESOURCES	ACHIEVEMENT_CATEGORY_OFFLINE_AND_ONLINE	Treasure Hunter	achievement_icons/48	Collect {x} gold from treasure chests.										Midas		Treasure Lord			
ACHIEVEMENT_WISE_WARRIOR	ACHIEVEMENT_TYPE_ACQUISITION	ACHIEVEMENT_SUBTYPE_CHESTS	ACHIEVEMENT_CATEGORY_OFFLINE_AND_ONLINE	Wise Warrior	achievement_icons/38	Gain {x} experience from treasure chests.															
ACHIEVEMENT_PVPWNAGE	ACHIEVEMENT_TYPE_PVP		ACHIEVEMENT_CATEGORY_ONLINE_ONLY	PvPwnage	achievement_icons/54	Win {x} games versus an opponent in an online PvP match.															
ACHIEVEMENT_MINE_OVER_MATTER	ACHIEVEMENT_TYPE_ACQUISITION	ACHIEVEMENT_SUBTYPE_GENERAL	ACHIEVEMENT_CATEGORY_OFFLINE_AND_ONLINE	Mine Over Matter	achievement_icons/64	Flag {x} mines on the adventure map.															
ACHIEVEMENT_ORESON_WELLS	ACHIEVEMENT_TYPE_ACQUISITION	ACHIEVEMENT_SUBTYPE_MINES	ACHIEVEMENT_CATEGORY_OFFLINE_AND_ONLINE	Oreson Wells	achievement_icons/72	Mine {x} ore from ore mines.															
ACHIEVEMENT_WOODY_HARRELSON	ACHIEVEMENT_TYPE_ACQUISITION	ACHIEVEMENT_SUBTYPE_MINES	ACHIEVEMENT_CATEGORY_OFFLINE_AND_ONLINE	Woody Harrelson	achievement_icons/71	Harvest {x} wood from sawmills.															
ACHIEVEMENT_GEM_CARREY	ACHIEVEMENT_TYPE_ACQUISITION	ACHIEVEMENT_SUBTYPE_MINES	ACHIEVEMENT_CATEGORY_OFFLINE_AND_ONLINE	Gem Carrey	achievement_icons/39	Mine {x} gems from gem mines.															
ACHIEVEMENT_FREDDIE_MERCURY	ACHIEVEMENT_TYPE_ACQUISITION	ACHIEVEMENT_SUBTYPE_MINES	ACHIEVEMENT_CATEGORY_OFFLINE_AND_ONLINE	Freddie Mercury	achievement_icons/73	Collect {x} mercury from alchemy labs.															
ACHIEVEMENT_BILLY_CRYSTAL	ACHIEVEMENT_TYPE_ACQUISITION	ACHIEVEMENT_SUBTYPE_MINES	ACHIEVEMENT_CATEGORY_OFFLINE_AND_ONLINE	Billy Crystal	achievement_icons/40	Mine {x} crystals from crystal mines.															
ACHIEVEMENT_JEFF_GOLDBLUM	ACHIEVEMENT_TYPE_ACQUISITION	ACHIEVEMENT_SUBTYPE_MINES	ACHIEVEMENT_CATEGORY_OFFLINE_AND_ONLINE	Jeff Goldblum	achievement_icons/74	Mine {x} gold from gold mines.															
ACHIEVEMENT_BILBO_BAGGINS	ACHIEVEMENT_TYPE_FEATS		ACHIEVEMENT_CATEGORY_OFFLINE_AND_ONLINE	Bilbo Baggins	achievement_icons/80	Completely fill your Conqueror's backpack.															
ACHIEVEMENT_FORT_KNOX	ACHIEVEMENT_TYPE_CONSTRUCTION	ACHIEVEMENT_SUBTYPE_GENERAL	ACHIEVEMENT_CATEGORY_OFFLINE_AND_ONLINE	Fort Knox	achievement_icons/101	Build {x} Forts.															
ACHIEVEMENT_CASTLEMANIA	ACHIEVEMENT_TYPE_CONSTRUCTION	ACHIEVEMENT_SUBTYPE_GENERAL	ACHIEVEMENT_CATEGORY_OFFLINE_AND_ONLINE	Castlemania	achievement_icons/102	Upgrade {x} Forts to Castles.															
ACHIEVEMENT_MAXIMUM_FORTIFICATION	ACHIEVEMENT_TYPE_CONSTRUCTION	ACHIEVEMENT_SUBTYPE_GENERAL	ACHIEVEMENT_CATEGORY_OFFLINE_AND_ONLINE	Maximum Fortification	achievement_icons/103	Fully upgrade {x} Castles with the Captain's Quarters, Left Turret, and Right Turret.															
ACHIEVEMENT_WOLF_OF_WALLSTREET	ACHIEVEMENT_TYPE_CONSTRUCTION	ACHIEVEMENT_SUBTYPE_GENERAL	ACHIEVEMENT_CATEGORY_OFFLINE_AND_ONLINE	Wolf of Wallstreet	achievement_icons/105	Build {x} Marketplaces in your towns.															
ACHIEVEMENT_HUMBLE_BEGINNINGS	ACHIEVEMENT_TYPE_CONSTRUCTION	ACHIEVEMENT_SUBTYPE_DWELLINGS	ACHIEVEMENT_CATEGORY_OFFLINE_AND_ONLINE	Humble Beginnings	achievement_icons/108	Build {x} Tier 1 creature dwellings in your towns.															
ACHIEVEMENT_THE_WARRIORS_DEN	ACHIEVEMENT_TYPE_CONSTRUCTION	ACHIEVEMENT_SUBTYPE_DWELLINGS	ACHIEVEMENT_CATEGORY_OFFLINE_AND_ONLINE	The Warrior’s Den	achievement_icons/109	Build {x} Tier 2 creature dwellings in your towns.															
ACHIEVEMENT_BARRACKS_AND_BEYOND	ACHIEVEMENT_TYPE_CONSTRUCTION	ACHIEVEMENT_SUBTYPE_DWELLINGS	ACHIEVEMENT_CATEGORY_OFFLINE_AND_ONLINE	Barracks and Beyond	achievement_icons/110	Build {x} Tier 3 creature dwellings in your towns.															
ACHIEVEMENT_FORGE_OF_CHAMPIONS	ACHIEVEMENT_TYPE_CONSTRUCTION	ACHIEVEMENT_SUBTYPE_DWELLINGS	ACHIEVEMENT_CATEGORY_OFFLINE_AND_ONLINE	Forge of Champions	achievement_icons/111	Build {x} Tier 4 creature dwellings in your towns.															
ACHIEVEMENT_MONSTERS_ROOST	ACHIEVEMENT_TYPE_CONSTRUCTION	ACHIEVEMENT_SUBTYPE_DWELLINGS	ACHIEVEMENT_CATEGORY_OFFLINE_AND_ONLINE	Monsters’ Roost	achievement_icons/125	Build {x} Tier 5 creature dwellings in your towns.															
ACHIEVEMENT_BEHEMOTHS_BIRTHPLACE	ACHIEVEMENT_TYPE_CONSTRUCTION	ACHIEVEMENT_SUBTYPE_DWELLINGS	ACHIEVEMENT_CATEGORY_OFFLINE_AND_ONLINE	Behemoth’s Birthplace	achievement_icons/126	Build {x} Tier 6 creature dwellings in your towns.															
ACHIEVEMENT_ARCHITECT_OF_DESTINY	ACHIEVEMENT_TYPE_CONSTRUCTION	ACHIEVEMENT_SUBTYPE_GENERAL	ACHIEVEMENT_CATEGORY_OFFLINE_AND_ONLINE	Architect of Destiny	achievement_icons/127	Build {x} special buildings in your towns.															
ACHIEVEMENT_OH_CAPTAIN_MY_CAPTAIN	ACHIEVEMENT_TYPE_CONSTRUCTION	ACHIEVEMENT_SUBTYPE_GENERAL	ACHIEVEMENT_CATEGORY_OFFLINE_AND_ONLINE	Oh Captain My Captain	achievement_icons/85	Build {x} Captain's Quarters in your towns.															
ACHIEVEMENT_TOWER_DEFENSE	ACHIEVEMENT_TYPE_CONSTRUCTION	ACHIEVEMENT_SUBTYPE_GENERAL	ACHIEVEMENT_CATEGORY_OFFLINE_AND_ONLINE	Tower Defense	achievement_icons/86	Build {x} Turrets in your towns.															
ACHIEVEMENT_DIMENSIONAL_DRIFT	ACHIEVEMENT_TYPE_EXPLORATION		ACHIEVEMENT_CATEGORY_OFFLINE_AND_ONLINE	Dimensional Drift	achievement_icons/117	Travel through {x} portals on the adventure map.															
ACHIEVEMENT_ANCIENT_SECRETS	ACHIEVEMENT_TYPE_MAGIC		ACHIEVEMENT_CATEGORY_OFFLINE_AND_ONLINE	Ancient Secrets	achievement_icons/116	Learn {x} level 5 spells by defeating Pyramid guards.															
ACHIEVEMENT_HOLY_FOUNDATIONS	ACHIEVEMENT_TYPE_CONSTRUCTION	ACHIEVEMENT_SUBTYPE_FACTIONS	ACHIEVEMENT_CATEGORY_OFFLINE_AND_ONLINE	Holy Foundations	achievement_icons/122	Build {x} buildings of any type in a Paladin town.		Humble Chapel	25	Rising Cathedral	75	Bastion of Light	150	Fortress of Faith	300	Holy City	500				
ACHIEVEMENT_ENCHANTED_EXPANSION	ACHIEVEMENT_TYPE_CONSTRUCTION	ACHIEVEMENT_SUBTYPE_FACTIONS	ACHIEVEMENT_CATEGORY_OFFLINE_AND_ONLINE	Enchanted Expansion	achievement_icons/125	Build {x} buildings of any type in a Enchantress town.		Sprouting Glade	25	Sage's Sanctuary	75	Grove of Wonders	150		300	The Emerald Enclave	500				
ACHIEVEMENT_THE_GRAND_ARCHIVE	ACHIEVEMENT_TYPE_CONSTRUCTION	ACHIEVEMENT_SUBTYPE_FACTIONS	ACHIEVEMENT_CATEGORY_OFFLINE_AND_ONLINE	The Grand Archive	achievement_icons/124	Build {x} buildings of any type in a Wizard town.		Scholarly Settlement	25	Mystic Borough	75	Towers of Knowledge	150	Citadel of Wisdom	300	The Infinite Library	500				
ACHIEVEMENT_BLOOD_SWEAT_AND_STONE	ACHIEVEMENT_TYPE_CONSTRUCTION	ACHIEVEMENT_SUBTYPE_FACTIONS	ACHIEVEMENT_CATEGORY_OFFLINE_AND_ONLINE	Blood, Sweat, and Stone	achievement_icons/123	Build {x} buildings of any type in a Barbarian town.		Rough Beginnings	25		75	Wild Stronghold	150	Warlord's Domain	300	Empire of the Axe	500				
ACHIEVEMENT_MORDOR_EXPANSION_PROJECT	ACHIEVEMENT_TYPE_CONSTRUCTION	ACHIEVEMENT_SUBTYPE_FACTIONS	ACHIEVEMENT_CATEGORY_OFFLINE_AND_ONLINE	Mordor Expansion Project	achievement_icons/120	Build {x} buildings of any type in a Warlock town.		Darkness Rising	25	Cavernous Keep	75	Abyssal Fortress	150		300	Dark Domain	500				
ACHIEVEMENT_TOMBSTONE_BOOMTOWN	ACHIEVEMENT_TYPE_CONSTRUCTION	ACHIEVEMENT_SUBTYPE_FACTIONS	ACHIEVEMENT_CATEGORY_OFFLINE_AND_ONLINE	Tombstone Boomtown	achievement_icons/121	Build {x} buildings of any type in a Necromancer town.		Gravedigger	25	Cursed Construction	75	Necropolis Rising	150		300	City of the Damned	500				
ACHIEVEMENT_CLOUD_OF_DEATH	ACHIEVEMENT_TYPE_FEATS		ACHIEVEMENT_CATEGORY_OFFLINE_AND_ONLINE	Cloud of Death	achievement_icons/139	Hit 7 different units with one death cloud attack from your Liches															
ACHIEVEMENT_TOWNSHIP	ACHIEVEMENT_TYPE_CONQUEST	ACHIEVEMENT_SUBTYPE_GENERAL	ACHIEVEMENT_CATEGORY_OFFLINE_AND_ONLINE	Township	achievement_icons/93	Capture {x} towns.															
ACHIEVEMENT_CONQUISTADOR	ACHIEVEMENT_TYPE_CONQUEST		ACHIEVEMENT_CATEGORY_OFFLINE_AND_ONLINE	Conquistador	achievement_icons/51	Defeat {x} players in a game.															
ACHIEVEMENT_LIBERATOR	ACHIEVEMENT_TYPE_CONQUEST		ACHIEVEMENT_CATEGORY_OFFLINE_AND_ONLINE	Liberator	achievement_icons/150	Rescue {x} creatures from creature banks.															
ACHIEVEMENT_DRAGON_SLAYER	ACHIEVEMENT_TYPE_CONQUEST		ACHIEVEMENT_CATEGORY_OFFLINE_AND_ONLINE	Dragon Slayer	achievement_icons/151	Defeat {x} Dragons in Dragon Utopias.															
ACHIEVEMENT_WANTED	ACHIEVEMENT_TYPE_FEATS		ACHIEVEMENT_CATEGORY_OFFLINE_AND_ONLINE	Wanted	achievement_icons/147	Accumulate 15 Outlaw stacks on a single Conqueror.															
ACHIEVEMENT_RNGESUS_TAKE_THE_WHEEL	ACHIEVEMENT_TYPE_FEATS		ACHIEVEMENT_CATEGORY_OFFLINE_AND_ONLINE	RNGesus Take the Wheel	achievement_icons/199	Roll maximum attack damage on 3 consecutive attacks, without Luck or Bless effects.															
ACHIEVEMENT_RATTLE_AND_ROLL	ACHIEVEMENT_TYPE_RECRUITMENT	ACHIEVEMENT_SUBTYPE_NECROMANCER	ACHIEVEMENT_CATEGORY_OFFLINE_AND_ONLINE	Rattle and Roll	achievement_icons/160	Recruit {x} Skeletons.			100	Bare Bones Battalion	500		1000		2500		5000				
ACHIEVEMENT_GRAVE_CONSEQUENCES	ACHIEVEMENT_TYPE_RECRUITMENT	ACHIEVEMENT_SUBTYPE_NECROMANCER	ACHIEVEMENT_CATEGORY_OFFLINE_AND_ONLINE	Grave Consequences	achievement_icons/161	Recruit {x} Ghouls.		Graveyard Shift	75		250	Restless Revenants	500		1000		3000				
ACHIEVEMENT_CHILDREN_OF_THE_NIGHT	ACHIEVEMENT_TYPE_RECRUITMENT	ACHIEVEMENT_SUBTYPE_NECROMANCER	ACHIEVEMENT_CATEGORY_OFFLINE_AND_ONLINE	Children of the Night	achievement_icons/162	Recruit {x} Vampires.		Only Fangs	50	Thirst for Blood	125		300	True Blood	750	Nosferatu	2000				
ACHIEVEMENT_DUST_TO_DUST	ACHIEVEMENT_TYPE_RECRUITMENT	ACHIEVEMENT_SUBTYPE_NECROMANCER	ACHIEVEMENT_CATEGORY_OFFLINE_AND_ONLINE	Dust to Dust	achievement_icons/163	Recruit {x} Liches.		Dark Apprentice	30		100	Phylactery Keepers	200		500	Masters of Death	1000				
ACHIEVEMENT_MONSTROSITY_UNLEASHED	ACHIEVEMENT_TYPE_RECRUITMENT	ACHIEVEMENT_SUBTYPE_NECROMANCER	ACHIEVEMENT_CATEGORY_OFFLINE_AND_ONLINE	Monstrosity Unleashed	achievement_icons/164	Recruit {x} Abominations.		Ah, Fresh Meat!	20	Stitched for War	50	Monstrosities Unleashed	100	Patchwerk Army	300	Finest Flesh	500				
ACHIEVEMENT_WINGS_OF_DEATH	ACHIEVEMENT_TYPE_RECRUITMENT	ACHIEVEMENT_SUBTYPE_NECROMANCER	ACHIEVEMENT_CATEGORY_OFFLINE_AND_ONLINE	Wings of Death	achievement_icons/165	Recruit {x} Bone Wyrms.		Skeletal Serpents	10		25		75		150	Wyrmlord	250				
ACHIEVEMENT_GREEN_TIDE_RISING	ACHIEVEMENT_TYPE_RECRUITMENT	ACHIEVEMENT_SUBTYPE_BARBARIAN	ACHIEVEMENT_CATEGORY_OFFLINE_AND_ONLINE	Green Tide Rising	achievement_icons/224	Recruit {x} Goblins.		Bloodied Blades	100		500		1000		2500	Tribes United	5000				
ACHIEVEMENT_WARLORDS_BROOD	ACHIEVEMENT_TYPE_RECRUITMENT	ACHIEVEMENT_SUBTYPE_BARBARIAN	ACHIEVEMENT_CATEGORY_OFFLINE_AND_ONLINE	Warlords' Brood	achievement_icons/225	Recruit {x} Orcs.		Warborn	75	Orcish Dominion	250		500		1000	Wild Warchiefs	3000				
ACHIEVEMENT_HOWLING_HORDE	ACHIEVEMENT_TYPE_RECRUITMENT	ACHIEVEMENT_SUBTYPE_BARBARIAN	ACHIEVEMENT_CATEGORY_OFFLINE_AND_ONLINE	Howling Horde	achievement_icons/226	Recruit {x} Wolves.		Wolfpack	50		125		300		750	Alpha's Howl	2000				
ACHIEVEMENT_BRIDGE_TROLL_TOLL	ACHIEVEMENT_TYPE_RECRUITMENT	ACHIEVEMENT_SUBTYPE_BARBARIAN	ACHIEVEMENT_CATEGORY_OFFLINE_AND_ONLINE	Bridge Troll Toll	achievement_icons/227	Recruit {x} Trolls.		Bridge Dwellers	30	Regenerative Raiders	100		200	Green Monster	500	Big, Green, and Mean	1000				
ACHIEVEMENT_COLDBLOODED	ACHIEVEMENT_TYPE_RECRUITMENT	ACHIEVEMENT_SUBTYPE_BARBARIAN	ACHIEVEMENT_CATEGORY_OFFLINE_AND_ONLINE	Cold-Blooded	achievement_icons/228	Recruit {x} Yeti.		Frostborn	20	Snow Stalkers	50		100	Not Done Yeti	300	Lords of the Frozen Caves	500				
ACHIEVEMENT_MONSTER_MASH	ACHIEVEMENT_TYPE_RECRUITMENT	ACHIEVEMENT_SUBTYPE_BARBARIAN	ACHIEVEMENT_CATEGORY_OFFLINE_AND_ONLINE	Monster Mash	achievement_icons/229	Recruit {x} Gargantuans.		Lumbering Leviathans	10		25		75		150	Colossal Crushers	250				
ACHIEVEMENT_MARCH_OF_THE_BRAVE	ACHIEVEMENT_TYPE_RECRUITMENT	ACHIEVEMENT_SUBTYPE_PALADIN	ACHIEVEMENT_CATEGORY_OFFLINE_AND_ONLINE	March of the Brave	achievement_icons/176	Recruit {x} Infantrymen.		Boots on the Ground	100	Marching Orders	500	The Unbroken Line	1000		2500		5000				
ACHIEVEMENT_VOLLEY_FIRE	ACHIEVEMENT_TYPE_RECRUITMENT	ACHIEVEMENT_SUBTYPE_PALADIN	ACHIEVEMENT_CATEGORY_OFFLINE_AND_ONLINE	Volley Fire	achievement_icons/177	Recruit {x} Archers.		Ready!	75	Aim!	250	Fire!	500	Deadeye Battalion	1000	Rain of Death	3000				
ACHIEVEMENT_IRON_DISCIPLINE	ACHIEVEMENT_TYPE_RECRUITMENT	ACHIEVEMENT_SUBTYPE_PALADIN	ACHIEVEMENT_CATEGORY_OFFLINE_AND_ONLINE	Iron Discipline	achievement_icons/178	Recruit {x} Footmen.		Shielded	50	Mail Order	125	Shield Wall	300	Iron Vanguard	750	The King's Guard	2000				
ACHIEVEMENT_MEDITATIONS_OF_WAR	ACHIEVEMENT_TYPE_RECRUITMENT	ACHIEVEMENT_SUBTYPE_PALADIN	ACHIEVEMENT_CATEGORY_OFFLINE_AND_ONLINE	Meditations of War	achievement_icons/179	Recruit {x} Monks.		Initiates of the Light	30	Inner Cloister	100	Holy Wrath	200	Fists of Divinity	500	Enlightened Army	1000				
ACHIEVEMENT_CHARGE_OF_THE_VALIANT	ACHIEVEMENT_TYPE_RECRUITMENT	ACHIEVEMENT_SUBTYPE_PALADIN	ACHIEVEMENT_CATEGORY_OFFLINE_AND_ONLINE	Charge of the Valiant	achievement_icons/180	Recruit {x} Cavalry.		Lance and Spurs	20	Mounted Might	50	Charge!	100	Knights of Valor	300	Medieval Times	500				
ACHIEVEMENT_HOLY_RECKONING	ACHIEVEMENT_TYPE_RECRUITMENT	ACHIEVEMENT_SUBTYPE_PALADIN	ACHIEVEMENT_CATEGORY_OFFLINE_AND_ONLINE	Holy Reckoning	achievement_icons/181	Recruit {x} Crusaders.		First Crusade	10	Faith and Fury	25	The Holy Vanguard	75	Palladinum	150	Champions of the Light	250				
ACHIEVEMENT_INFERNAL_RECRUITMENT	ACHIEVEMENT_TYPE_RECRUITMENT	ACHIEVEMENT_SUBTYPE_WARLOCK	ACHIEVEMENT_CATEGORY_OFFLINE_AND_ONLINE	Infernal Recruitment	achievement_icons/240	Recruit {x} Demons.		Infernal Battalion	100	Demoniac	500	Army of the Damned	1000	Burning Legion	2500	Apocalypse Unleashed	5000				
ACHIEVEMENT_DEADLY_SEDUCTION	ACHIEVEMENT_TYPE_RECRUITMENT	ACHIEVEMENT_SUBTYPE_WARLOCK	ACHIEVEMENT_CATEGORY_OFFLINE_AND_ONLINE	Deadly Seduction	achievement_icons/241	Recruit {x} Succubi.		Don't Tempt Me	75	Temptresses of War	250	Kiss of Death	500		1000	The Seduction	3000				
ACHIEVEMENT_SKYBOUND_SENTINELS	ACHIEVEMENT_TYPE_RECRUITMENT	ACHIEVEMENT_SUBTYPE_WARLOCK	ACHIEVEMENT_CATEGORY_OFFLINE_AND_ONLINE	Skybound Sentinels	achievement_icons/242	Recruit {x} Hippogriffs.		Skybound Recruits	50	Feathered Fury	125	Wings of War	300	Masters of the Wind	750	Skylord	2000				
ACHIEVEMENT_MAZE_RUNNERS	ACHIEVEMENT_TYPE_RECRUITMENT	ACHIEVEMENT_SUBTYPE_WARLOCK	ACHIEVEMENT_CATEGORY_OFFLINE_AND_ONLINE	Maze Runners	achievement_icons/243	Recruit {x} Minotaurs.		Raging Bull	30		100	Horns of Wrath	200	Maze Warrior	500	Minotaur King	1000				
ACHIEVEMENT_WINGS_OF_TERROR	ACHIEVEMENT_TYPE_RECRUITMENT	ACHIEVEMENT_SUBTYPE_WARLOCK	ACHIEVEMENT_CATEGORY_OFFLINE_AND_ONLINE	Wings of Terror	achievement_icons/244	Recruit {x} Manticores.			20		50		100	Tail of Terror	300		500				
ACHIEVEMENT_BORN_OF_FIRE	ACHIEVEMENT_TYPE_RECRUITMENT	ACHIEVEMENT_SUBTYPE_WARLOCK	ACHIEVEMENT_CATEGORY_OFFLINE_AND_ONLINE	Born of Fire	achievement_icons/245	Recruit {x} Dragons.		Drake	10	Flames Unleashed	25		75		150		250				
ACHIEVEMENT_FEY_AWAKENING	ACHIEVEMENT_TYPE_RECRUITMENT	ACHIEVEMENT_SUBTYPE_SORCERESS	ACHIEVEMENT_CATEGORY_OFFLINE_AND_ONLINE	Fey Awakening	achievement_icons/208	Recruit {x} Pixies.		Fairy Dust	100	Fairy Odd Parents	500	Pixie Panic	1000	Fey Force	2500		5000				
ACHIEVEMENT_GUARDIAN_OF_THE_GLADE	ACHIEVEMENT_TYPE_RECRUITMENT	ACHIEVEMENT_SUBTYPE_SORCERESS	ACHIEVEMENT_CATEGORY_OFFLINE_AND_ONLINE	Guardian of the Glade	achievement_icons/209	Recruit {x} Dryads.		Saplings of War	75	Bark and Bite	250	Forest’s Fury	500	The Roots of Battle	1000	Grove Guardians	3000				
ACHIEVEMENT_VERDANT_VANGUARD	ACHIEVEMENT_TYPE_RECRUITMENT	ACHIEVEMENT_SUBTYPE_SORCERESS	ACHIEVEMENT_CATEGORY_OFFLINE_AND_ONLINE	Verdant Vanguard	achievement_icons/210	Recruit {x} Elves.		Pointy-Eared Recruits	50	Rain of Arrows	125	Elven Warband	300	Elfish Dust	750	The Sylvan Legion	2000				
ACHIEVEMENT_NATURES_WRATH	ACHIEVEMENT_TYPE_RECRUITMENT	ACHIEVEMENT_SUBTYPE_SORCERESS	ACHIEVEMENT_CATEGORY_OFFLINE_AND_ONLINE	Nature’s Wrath	achievement_icons/211	Recruit {x} Druids.		Nature’s Apprentices	30	Stormcallers	100	Wrath of the Wild	200	Moonlit Order	500	Elders of the Grove	1000				
ACHIEVEMENT_LIGHT_IN_THE_FOREST	ACHIEVEMENT_TYPE_RECRUITMENT	ACHIEVEMENT_SUBTYPE_SORCERESS	ACHIEVEMENT_CATEGORY_OFFLINE_AND_ONLINE	Light in the Forest	achievement_icons/212	Recruit {x} Unicorns.		A Sparkle of Hooves	20	Mystic Riders	50	Gilded Stampede	100	Horned Champions	300	Celestial Beasts	500				
ACHIEVEMENT_ASHES_REBORN	ACHIEVEMENT_TYPE_RECRUITMENT	ACHIEVEMENT_SUBTYPE_SORCERESS	ACHIEVEMENT_CATEGORY_OFFLINE_AND_ONLINE	Ashes Reborn	achievement_icons/213	Recruit {x} Phoenix.		Hatchlings of Flame	10	Winged Inferno	25	Scorching Skies	75	Firestorm Incarnate	150	Rebirth	250				
ACHIEVEMENT_FORGED_FOR_WAR	ACHIEVEMENT_TYPE_RECRUITMENT	ACHIEVEMENT_SUBTYPE_WIZARD	ACHIEVEMENT_CATEGORY_OFFLINE_AND_ONLINE	Forged for War	achievement_icons/192	Recruit {x} Golems.		Clay and Stone	100	March of the Machines	500	Iron Guardians	1000	Warforged	2500	Sentinels of Steel	5000				
ACHIEVEMENT_MOUNTAINBORN	ACHIEVEMENT_TYPE_RECRUITMENT	ACHIEVEMENT_SUBTYPE_WIZARD	ACHIEVEMENT_CATEGORY_OFFLINE_AND_ONLINE	Mountainborn	achievement_icons/193	Recruit {x} Dwarves.		Short But Sturdy	75	Axes High	250	Mountain’s Might	500	Sons of the Forge	1000	Lexiav's Army	3000				
ACHIEVEMENT_GEARS_OF_THE_ARCANE	ACHIEVEMENT_TYPE_RECRUITMENT	ACHIEVEMENT_SUBTYPE_WIZARD	ACHIEVEMENT_CATEGORY_OFFLINE_AND_ONLINE	Gears of the Arcane	achievement_icons/194	Recruit {x} Constructs.		Magitech Marvels	50		125	Runed Sentinels	300	Arcane Juggernauts	750	Clockwork Legion	2000				
ACHIEVEMENT_WISHES_AND_WARFARE	ACHIEVEMENT_TYPE_RECRUITMENT	ACHIEVEMENT_SUBTYPE_WIZARD	ACHIEVEMENT_CATEGORY_OFFLINE_AND_ONLINE	Wishes and Warfare	achievement_icons/195	Recruit {x} Genies.		Bottled Potential	30		100		200	Masters of the Lamp	500		1000				
ACHIEVEMENT_MASTERS_OF_THE_MYSTIC_ARTS	ACHIEVEMENT_TYPE_RECRUITMENT	ACHIEVEMENT_SUBTYPE_WIZARD	ACHIEVEMENT_CATEGORY_OFFLINE_AND_ONLINE	Masters of the Mystic Arts	achievement_icons/196	Recruit {x} Magi.		Mystic Scholars	20		50	Arcane Battalion	100	Council of Sorcery	300	Keepers of the Arcane	500				
ACHIEVEMENT_STORMLORDS_CALL	ACHIEVEMENT_TYPE_RECRUITMENT	ACHIEVEMENT_SUBTYPE_WIZARD	ACHIEVEMENT_CATEGORY_OFFLINE_AND_ONLINE	Stormlords' Call	achievement_icons/197	Recruit {x} Titans.		Giants of War	10	Titan's Revenge	25	Giants of War	75	Stormborn	150	Lords of the Heavens	250				
ACHIEVEMENT_SHOT_THROUGH_THE_HEART	ACHIEVEMENT_TYPE_MIGHT		ACHIEVEMENT_CATEGORY_OFFLINE_AND_ONLINE	Shot Through the Heart	achievement_icons/149	Land {x} Critical Strikes with your units' ranged attacks.															
ACHIEVEMENT_I_DREAM_OF_JEANNIE	ACHIEVEMENT_TYPE_MAGIC		ACHIEVEMENT_CATEGORY_OFFLINE_AND_ONLINE	I Dream of Jeannie	achievement_icons/148	Cast {x} spells on friendly troops with your Genies.															
ACHIEVEMENT_BANNERMAN	ACHIEVEMENT_TYPE_META		ACHIEVEMENT_CATEGORY_OFFLINE_AND_ONLINE	Bannerman	achievement_icons/129	Obtain {x} banner sigils by completing achievements.			5		10		15								
ACHIEVEMENT_FRIENDLY_BARTER	ACHIEVEMENT_TYPE_COOPERTIVE		ACHIEVEMENT_CATEGORY_OFFLINE_AND_ONLINE	Friendly Barter	achievement_icons/112	Give resources to an allied player in a hotseat or allied online game. 															
ACHIEVEMENT_IMMACULATE_RECEPTION	ACHIEVEMENT_TYPE_COOPERTIVE		ACHIEVEMENT_CATEGORY_OFFLINE_AND_ONLINE	Immaculate Reception	achievement_icons/113	Receive resources from an allied player in a hotseat or allied online game. 															
ACHIEVEMENT_IN_FLAMES	ACHIEVEMENT_TYPE_MAGIC	ACHIEVEMENT_SUBTYPE_ELEMENTAL_DAMAGE	ACHIEVEMENT_CATEGORY_OFFLINE_AND_ONLINE	In Flames	achievement_icons/166	Deal {x} Fire damage with spells.		Trial By Fire	5000	Burn Notice	25000	Scorched Earth	100000	Through the Fire and Flames	250000	Armageddon	500000				
ACHIEVEMENT_WINTER_IS_COMING	ACHIEVEMENT_TYPE_MAGIC	ACHIEVEMENT_SUBTYPE_ELEMENTAL_DAMAGE	ACHIEVEMENT_CATEGORY_OFFLINE_AND_ONLINE	Winter Is Coming	achievement_icons/167	Deal {x} Frost damage with spells.		Chilling Touch	5000	Cold Snap	25000		100000	Ice Ice Baby	250000	Absolute Zero	500000				
ACHIEVEMENT_STORM_DRINKER	ACHIEVEMENT_TYPE_MAGIC	ACHIEVEMENT_SUBTYPE_ELEMENTAL_DAMAGE	ACHIEVEMENT_CATEGORY_OFFLINE_AND_ONLINE	Storm Drinker	achievement_icons/168	Deal {x} Lightning damage with spells.		Shocking Developments	5000	Thunderstruck	25000		100000	Ride the Lightning	250000		500000				
ACHIEVEMENT_EARTHSHAKER	ACHIEVEMENT_TYPE_MAGIC	ACHIEVEMENT_SUBTYPE_ELEMENTAL_DAMAGE	ACHIEVEMENT_CATEGORY_OFFLINE_AND_ONLINE	Earthshaker	achievement_icons/169	Deal {x} Earth damage with spells.		Seismic Activity	5000	The Mountain Stirs	25000		100000	Unearth	250000		500000				
ACHIEVEMENT_CHAOS_THEORY	ACHIEVEMENT_TYPE_MAGIC	ACHIEVEMENT_SUBTYPE_ELEMENTAL_DAMAGE	ACHIEVEMENT_CATEGORY_OFFLINE_AND_ONLINE	Chaos Theory	achievement_icons/170	Deal {x} Chaos damage with spells.		A Little Havoc	5000		25000	Pandemonium	100000		250000	Reign of Chaos	500000				
ACHIEVEMENT_BLINDED_BY_THE_LIGHT	ACHIEVEMENT_TYPE_MAGIC	ACHIEVEMENT_SUBTYPE_ELEMENTAL_DAMAGE	ACHIEVEMENT_CATEGORY_OFFLINE_AND_ONLINE	Blinded by the Light	achievement_icons/171	Deal {x} Holy damage with spells.		Wrath of the Heavens	5000		25000		100000		250000	Judgment Day	500000				
ACHIEVEMENT_FRIENDLY_FIRE	ACHIEVEMENT_TYPE_MAGIC	ACHIEVEMENT_SUBTYPE_GENERAL	ACHIEVEMENT_CATEGORY_OFFLINE_AND_ONLINE	Friendly Fire	achievement_icons/182	Damage your own units with spells while still winning the battle.															
ACHIEVEMENT_QUENCHING_THE_FLAME	ACHIEVEMENT_TYPE_MAGIC	ACHIEVEMENT_SUBTYPE_GENERAL	ACHIEVEMENT_CATEGORY_OFFLINE_AND_ONLINE	Quenching the Flame	achievement_icons/183	Use a spell that deals Frost damage to kill a stack of units that is immune to Fire damage.															
ACHIEVEMENT_CONDUCTIVE_CRITTERS	ACHIEVEMENT_TYPE_MAGIC	ACHIEVEMENT_SUBTYPE_GENERAL	ACHIEVEMENT_CATEGORY_OFFLINE_AND_ONLINE	Conductive Critters	achievement_icons/184	Kill at least four different unit stacks with a single cast of Chain Lightning															
ACHIEVEMENT_BRAINS_BEATS_BRAWN	ACHIEVEMENT_TYPE_MAGIC	ACHIEVEMENT_SUBTYPE_GENERAL	ACHIEVEMENT_CATEGORY_OFFLINE_AND_ONLINE	Brains Beats Brawn	achievement_icons/185	Win a battle while dealing damage exclusively with spells.															
ACHIEVEMENT_METEORIC_RISE	ACHIEVEMENT_TYPE_MAGIC	ACHIEVEMENT_SUBTYPE_GENERAL	ACHIEVEMENT_CATEGORY_OFFLINE_AND_ONLINE	Meteoric Rise	achievement_icons/186	Kill at least 75 units with one cast of Meteor Shower.															
ACHIEVEMENT_GRAVE_MISTAKE	ACHIEVEMENT_TYPE_MAGIC	ACHIEVEMENT_SUBTYPE_GENERAL	ACHIEVEMENT_CATEGORY_OFFLINE_AND_ONLINE	Grave Mistake	achievement_icons/187	Use Implosion to finish off an enemy Necromancer hero.															
ACHIEVEMENT_SECOND_LIFE	ACHIEVEMENT_TYPE_MAGIC	ACHIEVEMENT_SUBTYPE_GENERAL	ACHIEVEMENT_CATEGORY_OFFLINE_AND_ONLINE	Second Life	achievement_icons/188	Bring back at least 1,000 total HP worth of units in a single cast of Resurrection.															
ACHIEVEMENT_CREATIVE_CASTER	ACHIEVEMENT_TYPE_MAGIC	ACHIEVEMENT_SUBTYPE_GENERAL	ACHIEVEMENT_CATEGORY_OFFLINE_AND_ONLINE	Creative Caster	achievement_icons/189	Cast at least 6 different spells in a single battle.															
ACHIEVEMENT_WATCH_THE_WORLD_BURN	ACHIEVEMENT_TYPE_MAGIC	ACHIEVEMENT_SUBTYPE_GENERAL	ACHIEVEMENT_CATEGORY_OFFLINE_AND_ONLINE	Watch the World Burn	achievement_icons/190	Use Armageddon to deal at least 5,000 total damage in a single cast.															
ACHIEVEMENT_TURTLING_UP	ACHIEVEMENT_TYPE_MAGIC	ACHIEVEMENT_SUBTYPE_GENERAL	ACHIEVEMENT_CATEGORY_OFFLINE_AND_ONLINE	Turtling Up	achievement_icons/191	Win a battle where all your units were under Stone Skin and Shield for at least 5 rounds.															
ACHIEVEMENT_MASTER_OF_THE_ARCANE	ACHIEVEMENT_TYPE_MAGIC	ACHIEVEMENT_SUBTYPE_GENERAL	ACHIEVEMENT_CATEGORY_OFFLINE_AND_ONLINE	Master of the Arcane	achievement_icons/198	Cast every single school of magic at least once in a battle.															
ACHIEVEMENT_ENERGIZER_BUNNY	ACHIEVEMENT_TYPE_MAGIC	ACHIEVEMENT_SUBTYPE_GENERAL	ACHIEVEMENT_CATEGORY_OFFLINE_AND_ONLINE	Energizer Bunny	achievement_icons/199	End a battle with at least double your starting mana.															
ACHIEVEMENT_MAXED_OUT	ACHIEVEMENT_TYPE_MIGHT	ACHIEVEMENT_SUBTYPE_GENERAL	ACHIEVEMENT_CATEGORY_OFFLINE_AND_ONLINE	Maxed Out	achievement_icons/200	Reach 99 Attack or Defense skill in a game.															
ACHIEVEMENT_GLASS_CANNON	ACHIEVEMENT_TYPE_MIGHT	ACHIEVEMENT_SUBTYPE_GENERAL	ACHIEVEMENT_CATEGORY_OFFLINE_AND_ONLINE	Glass Cannon	achievement_icons/201	Have 25+ Attack skill but less than 5 Defense when winning a battle.															
ACHIEVEMENT_IMMOVABLE_OBJECT	ACHIEVEMENT_TYPE_MIGHT	ACHIEVEMENT_SUBTYPE_GENERAL	ACHIEVEMENT_CATEGORY_OFFLINE_AND_ONLINE	Immovable Object	achievement_icons/202	Have 25+ Defense skill but less than 5 Attack when winning a battle.															
ACHIEVEMENT_OVERMATCHED	ACHIEVEMENT_TYPE_MIGHT	ACHIEVEMENT_SUBTYPE_GENERAL	ACHIEVEMENT_CATEGORY_OFFLINE_AND_ONLINE	Overmatched	achievement_icons/203	Defeat an enemy hero whose Attack + Defense is less than half of yours.															
ACHIEVEMENT_EQUAL_GROUNDS	ACHIEVEMENT_TYPE_MIGHT	ACHIEVEMENT_SUBTYPE_GENERAL	ACHIEVEMENT_CATEGORY_OFFLINE_AND_ONLINE	Equal Grounds	achievement_icons/204	Win a battle where both heroes have identical Attack and Defense stats.															
ACHIEVEMENT_MASSACRE	ACHIEVEMENT_TYPE_MIGHT	ACHIEVEMENT_SUBTYPE_GENERAL	ACHIEVEMENT_CATEGORY_OFFLINE_AND_ONLINE	Massacre	achievement_icons/205	Kill 1,000+ creatures in a single battle.															
ACHIEVEMENT_THE_REAPER	ACHIEVEMENT_TYPE_MIGHT	ACHIEVEMENT_SUBTYPE_GENERAL	ACHIEVEMENT_CATEGORY_OFFLINE_AND_ONLINE	The Reaper	achievement_icons/206	Kill 10,000+ creatures over multiple battles in one game.															
ACHIEVEMENT_ONE_PUNCH_HERO	ACHIEVEMENT_TYPE_MIGHT	ACHIEVEMENT_SUBTYPE_GENERAL	ACHIEVEMENT_CATEGORY_OFFLINE_AND_ONLINE	One Punch Hero	achievement_icons/207	Deal 10,000+ damage in a single melee attack.															
ACHIEVEMENT_TITANIC_SMACKDOWN	ACHIEVEMENT_TYPE_MIGHT	ACHIEVEMENT_SUBTYPE_GENERAL	ACHIEVEMENT_CATEGORY_OFFLINE_AND_ONLINE	Titanic Smackdown	achievement_icons/214	Deal 5,000+ damage in one hit with Titans.															
ACHIEVEMENT_THE_BIGGER_THEY_ARE	ACHIEVEMENT_TYPE_MIGHT	ACHIEVEMENT_SUBTYPE_GENERAL	ACHIEVEMENT_CATEGORY_OFFLINE_AND_ONLINE	The Bigger They Are...	achievement_icons/153	Kill a Tier 6 creature with only Tier 1 creatures in your army.															
ACHIEVEMENT_UNBREAKABLE	ACHIEVEMENT_TYPE_MIGHT	ACHIEVEMENT_SUBTYPE_GENERAL	ACHIEVEMENT_CATEGORY_OFFLINE_AND_ONLINE	Unbreakable	achievement_icons/154	Win a battle without losing a single unit while being attacked at least 10 times.															
ACHIEVEMENT_OUTLAST	ACHIEVEMENT_TYPE_MIGHT	ACHIEVEMENT_SUBTYPE_GENERAL	ACHIEVEMENT_CATEGORY_OFFLINE_AND_ONLINE	Outlast	achievement_icons/155	Win a battle that lasts at least 20 rounds.															
ACHIEVEMENT_FLAWLESS_EXECUTION	ACHIEVEMENT_TYPE_MIGHT	ACHIEVEMENT_SUBTYPE_GENERAL	ACHIEVEMENT_CATEGORY_OFFLINE_AND_ONLINE	Flawless Execution	achievement_icons/156	Win 5 battles in a row without losing any units.															
ACHIEVEMENT_HIGH_ROLLER	ACHIEVEMENT_TYPE_MIGHT	ACHIEVEMENT_SUBTYPE_GENERAL	ACHIEVEMENT_CATEGORY_OFFLINE_AND_ONLINE	High Roller	achievement_icons/157	Win a battle where every attack is a critical strike.															
ACHIEVEMENT_MAXIMUM_OVERKILL	ACHIEVEMENT_TYPE_MIGHT	ACHIEVEMENT_SUBTYPE_GENERAL	ACHIEVEMENT_CATEGORY_OFFLINE_AND_ONLINE	Maximum Overkill	achievement_icons/158	Deal 100x more damage than needed to kill a unit.															
ACHIEVEMENT_CRUNCHING_NUMBERS	ACHIEVEMENT_TYPE_MIGHT	ACHIEVEMENT_SUBTYPE_GENERAL	ACHIEVEMENT_CATEGORY_OFFLINE_AND_ONLINE	Crunching Numbers	achievement_icons/159	Deal exactly enough damage to kill an enemy unit with a melee attack.															
